Title,Company,Location,Apply
b'Software Engineer Intern (Summer 2023)',b'Netflix',"b'Los Gatos, CA'",b'https://www.linkedin.com/jobs/view/software-engineer-intern-summer-2023-at-netflix-3356609726?refId=s5Yfcj4sILPF5UR9XRKVSw%3D%3D&trackingId=6QcV%2B1EcYCWCXKFr0JKWuA%3D%3D&position=1&pageNum=0&trk=public_jobs_jserp-result_search-card'
Title,Company,Location,Apply
b'Software Engineer',b'Apple',"b'Cupertino, CA'",b'https://www.linkedin.com/jobs/view/software-engineer-at-apple-3337050766?refId=s5Yfcj4sILPF5UR9XRKVSw%3D%3D&trackingId=gK1hefxbsSaS37BPEaKKVw%3D%3D&position=2&pageNum=0&trk=public_jobs_jserp-result_search-card'
Title,Company,Location,Apply
b'Software Engineer - New Grad (2023 Start)',b'Databricks',"b'San Francisco, CA'",b'https://www.linkedin.com/jobs/view/software-engineer-new-grad-2023-start-at-databricks-3217381543?refId=s5Yfcj4sILPF5UR9XRKVSw%3D%3D&trackingId=MYAgTOlb5sn1YmSl%2BWclNw%3D%3D&position=3&pageNum=0&trk=public_jobs_jserp-result_search-card'
Title,Company,Location,Apply
"b'Software Engineer, New Grad'",b'IXL Learning',"b'San Mateo, CA'",b'https://www.linkedin.com/jobs/view/software-engineer-new-grad-at-ixl-learning-3200859717?refId=s5Yfcj4sILPF5UR9XRKVSw%3D%3D&trackingId=%2FB47T6OQ0BvVLjPtX9SF%2BQ%3D%3D&position=4&pageNum=0&trk=public_jobs_jserp-result_search-card'
Title,Company,Location,Apply
b'Software Engineer - New College Graduate',b'Quantcast',"b'San Francisco, CA'",b'https://www.linkedin.com/jobs/view/software-engineer-new-college-graduate-at-quantcast-3393726388?refId=s5Yfcj4sILPF5UR9XRKVSw%3D%3D&trackingId=tcadR5KTH%2Fuu12VmhB5JLw%3D%3D&position=5&pageNum=0&trk=public_jobs_jserp-result_search-card'
Title,Company,Location,Apply
b'Software Engineer',b'Apple',"b'Cupertino, CA'",b'https://www.linkedin.com/jobs/view/software-engineer-at-apple-3357548326?refId=s5Yfcj4sILPF5UR9XRKVSw%3D%3D&trackingId=zXEcmJAiRtkxQeEUXNJUnQ%3D%3D&position=6&pageNum=0&trk=public_jobs_jserp-result_search-card'
Title,Company,Location,Apply
b'Software Engineer (CompletableFuture)',b'Apple',"b'San Diego, CA'",b'https://www.linkedin.com/jobs/view/software-engineer-completablefuture-at-apple-3319029491?refId=s5Yfcj4sILPF5UR9XRKVSw%3D%3D&trackingId=Lx9BXI453G%2Fq2PeLGumeVA%3D%3D&position=7&pageNum=0&trk=public_jobs_jserp-result_search-card'
Title,Company,Location,Apply
b'Software Engineer',b'Apple',"b'Cupertino, CA'",b'https://www.linkedin.com/jobs/view/software-engineer-at-apple-3358662571?refId=s5Yfcj4sILPF5UR9XRKVSw%3D%3D&trackingId=RyK%2FE3pcLGX8GHdPjX9%2B1w%3D%3D&position=8&pageNum=0&trk=public_jobs_jserp-result_search-card'
Title,Company,Location,Apply
b'Software Engineer',b'Apple',"b'Cupertino, CA'",b'https://www.linkedin.com/jobs/view/software-engineer-at-apple-3379811806?refId=s5Yfcj4sILPF5UR9XRKVSw%3D%3D&trackingId=lY4ak1%2FlH9PY6SFQSEsQMQ%3D%3D&position=9&pageNum=0&trk=public_jobs_jserp-result_search-card'
Title,Company,Location,Apply
b'Frontend Software Engineer',b'Apple',"b'Cupertino, CA'",b'https://www.linkedin.com/jobs/view/frontend-software-engineer-at-apple-3358664388?refId=s5Yfcj4sILPF5UR9XRKVSw%3D%3D&trackingId=6K11XhRZi%2FxFBvZgJsT24w%3D%3D&position=10&pageNum=0&trk=public_jobs_jserp-result_search-card'
Title,Company,Location,Apply
b'Software Engineer I',b'The Walt Disney Company',"b'Glendale, CA'",b'https://www.linkedin.com/jobs/view/software-engineer-i-at-the-walt-disney-company-3272926949?refId=s5Yfcj4sILPF5UR9XRKVSw%3D%3D&trackingId=CLFDLDWsqFtQW5hqud3xSw%3D%3D&position=11&pageNum=0&trk=public_jobs_jserp-result_search-card'
Title,Company,Location,Apply
"b'Software Engineer, Early Career (2023)'",b'Figma',"b'San Francisco, CA'",b'https://www.linkedin.com/jobs/view/software-engineer-early-career-2023-at-figma-3223534011?refId=s5Yfcj4sILPF5UR9XRKVSw%3D%3D&trackingId=Rmil4ClWuAUpalvwxLYuBQ%3D%3D&position=12&pageNum=0&trk=public_jobs_jserp-result_search-card'
Title,Company,Location,Apply
"b'Software Engineer, Full Stack (New Grad)'",b'Forward',"b'San Francisco, CA'",b'https://www.linkedin.com/jobs/view/software-engineer-full-stack-new-grad-at-forward-3304853223?refId=s5Yfcj4sILPF5UR9XRKVSw%3D%3D&trackingId=qAbC%2FiB8tKPQD8XMx1I3hA%3D%3D&position=13&pageNum=0&trk=public_jobs_jserp-result_search-card'
Title,Company,Location,Apply
b'Software Development Engineer',b'Apple',"b'Cupertino, CA'",b'https://www.linkedin.com/jobs/view/software-development-engineer-at-apple-3381816908?refId=s5Yfcj4sILPF5UR9XRKVSw%3D%3D&trackingId=0jnxQCymCPcY1nK%2FE%2BK5lg%3D%3D&position=14&pageNum=0&trk=public_jobs_jserp-result_search-card'
Title,Company,Location,Apply
"b'Software Engineer, New Grad (2023)'",b'Sentry (sentry.io)',"b'San Francisco, CA'",b'https://www.linkedin.com/jobs/view/software-engineer-new-grad-2023-at-sentry-sentry-io-3266762965?refId=s5Yfcj4sILPF5UR9XRKVSw%3D%3D&trackingId=yyqJXrhXyeo6a2hU%2BAQ5vA%3D%3D&position=15&pageNum=0&trk=public_jobs_jserp-result_search-card'
Title,Company,Location,Apply
"b'Software Engineer, Backend - University Graduate 2023'",b'Verkada',"b'San Mateo, CA'",b'https://www.linkedin.com/jobs/view/software-engineer-backend-university-graduate-2023-at-verkada-3194061957?refId=s5Yfcj4sILPF5UR9XRKVSw%3D%3D&trackingId=W8F7OZgUJxfDlgEl2DhOPQ%3D%3D&position=16&pageNum=0&trk=public_jobs_jserp-result_search-card'
Title,Company,Location,Apply
b'Software Engineer (Future Opportunities)',b'Twitter',"b'San Jose, CA'",b'https://www.linkedin.com/jobs/view/software-engineer-future-opportunities-at-twitter-3383558883?refId=s5Yfcj4sILPF5UR9XRKVSw%3D%3D&trackingId=wh1v6kdBA%2BlfyiANjvp%2BEw%3D%3D&position=17&pageNum=0&trk=public_jobs_jserp-result_search-card'
Title,Company,Location,Apply
b'Software Engineer',b'Tesla',"b'Fremont, CA'",b'https://www.linkedin.com/jobs/view/software-engineer-at-tesla-3213260252?refId=s5Yfcj4sILPF5UR9XRKVSw%3D%3D&trackingId=cKCc6pqcT8HZfQyf4PbTrg%3D%3D&position=18&pageNum=0&trk=public_jobs_jserp-result_search-card'
Title,Company,Location,Apply
b'Software Development Engineer',b'Apple',"b'Cupertino, CA'",b'https://www.linkedin.com/jobs/view/software-development-engineer-at-apple-3313828881?refId=s5Yfcj4sILPF5UR9XRKVSw%3D%3D&trackingId=6CtOBzHHP8C00K1gpFaUMA%3D%3D&position=19&pageNum=0&trk=public_jobs_jserp-result_search-card'
Title,Company,Location,Apply
b'Software QA Engineer',b'Apple',"b'Culver City, CA'",b'https://www.linkedin.com/jobs/view/software-qa-engineer-at-apple-3322038726?refId=s5Yfcj4sILPF5UR9XRKVSw%3D%3D&trackingId=3EjxpQQLPz6Il6LVHDxhNg%3D%3D&position=20&pageNum=0&trk=public_jobs_jserp-result_search-card'
Title,Company,Location,Apply
"b'Software Engineer, Entry-Level'",b'Laserfiche',"b'Long Beach, CA'",b'https://www.linkedin.com/jobs/view/software-engineer-entry-level-at-laserfiche-2805425258?refId=s5Yfcj4sILPF5UR9XRKVSw%3D%3D&trackingId=Llm%2FIvNDsNiIQNSWqcKaDg%3D%3D&position=21&pageNum=0&trk=public_jobs_jserp-result_search-card'
Title,Company,Location,Apply
b'Software Development Engineer',b'Apple',"b'Cupertino, CA'",b'https://www.linkedin.com/jobs/view/software-development-engineer-at-apple-3381362933?refId=s5Yfcj4sILPF5UR9XRKVSw%3D%3D&trackingId=3ipA%2BYT9LmuTHZItBEPUqg%3D%3D&position=22&pageNum=0&trk=public_jobs_jserp-result_search-card'
Title,Company,Location,Apply
b'Software Engineer - Full Stack',b'Nextdoor',"b'California, United States'",b'https://www.linkedin.com/jobs/view/software-engineer-full-stack-at-nextdoor-2617202349?refId=s5Yfcj4sILPF5UR9XRKVSw%3D%3D&trackingId=TR9HBOcgaeC%2FvXXMxHlN%2Bg%3D%3D&position=23&pageNum=0&trk=public_jobs_jserp-result_search-card'
Title,Company,Location,Apply
b'Software Engineer',b'Vontive',"b'San Francisco, CA'",b'https://www.linkedin.com/jobs/view/software-engineer-at-vontive-3385785431?refId=s5Yfcj4sILPF5UR9XRKVSw%3D%3D&trackingId=TyQrRChPr1dM%2BBJZq%2B6pjw%3D%3D&position=24&pageNum=0&trk=public_jobs_jserp-result_search-card'
Title,Company,Location,Apply
b'Software Development Engineer',b'Apple',"b'Cupertino, CA'",b'https://www.linkedin.com/jobs/view/software-development-engineer-at-apple-3245717548?refId=s5Yfcj4sILPF5UR9XRKVSw%3D%3D&trackingId=KelEA5aQKCpeFifRXTz4wQ%3D%3D&position=25&pageNum=0&trk=public_jobs_jserp-result_search-card'
Title,Company,Location,Apply
b'Software Engineer Intern (Summer 2023)',b'Netflix',"b'Los Gatos, CA'",b'https://www.linkedin.com/jobs/view/software-engineer-intern-summer-2023-at-netflix-3356609726?refId=1DWSmMivhWVUNbcBfHpmlg%3D%3D&trackingId=dmL2Sy4ymz8d4o2skMdI6A%3D%3D&position=1&pageNum=0&trk=public_jobs_jserp-result_search-card'
Title,Company,Location,Apply
b'Software Engineer',b'Apple',"b'Cupertino, CA'",b'https://www.linkedin.com/jobs/view/software-engineer-at-apple-3337050766?refId=1DWSmMivhWVUNbcBfHpmlg%3D%3D&trackingId=fIdO8g4hIytHuFotjuPPtQ%3D%3D&position=2&pageNum=0&trk=public_jobs_jserp-result_search-card'
Title,Company,Location,Apply
b'Software Engineer - New Grad (2023 Start)',b'Databricks',"b'San Francisco, CA'",b'https://www.linkedin.com/jobs/view/software-engineer-new-grad-2023-start-at-databricks-3217381543?refId=1DWSmMivhWVUNbcBfHpmlg%3D%3D&trackingId=WxTH94U596s282y03AgI4Q%3D%3D&position=3&pageNum=0&trk=public_jobs_jserp-result_search-card'
Title,Company,Location,Apply
"b'Software Engineer, New Grad'",b'IXL Learning',"b'San Mateo, CA'",b'https://www.linkedin.com/jobs/view/software-engineer-new-grad-at-ixl-learning-3200859717?refId=1DWSmMivhWVUNbcBfHpmlg%3D%3D&trackingId=5gJ%2FsPD3UonQon421jbiOg%3D%3D&position=4&pageNum=0&trk=public_jobs_jserp-result_search-card'
Title,Company,Location,Apply
b'Software Engineer - New College Graduate',b'Quantcast',"b'San Francisco, CA'",b'https://www.linkedin.com/jobs/view/software-engineer-new-college-graduate-at-quantcast-3393726388?refId=1DWSmMivhWVUNbcBfHpmlg%3D%3D&trackingId=3qmUc1xM2%2BuD%2Fc8oXrowSQ%3D%3D&position=5&pageNum=0&trk=public_jobs_jserp-result_search-card'
Title,Company,Location,Apply
b'Software Engineer',b'Apple',"b'Cupertino, CA'",b'https://www.linkedin.com/jobs/view/software-engineer-at-apple-3357548326?refId=1DWSmMivhWVUNbcBfHpmlg%3D%3D&trackingId=UnZp9zhc3kCV5B%2BFDEJTpw%3D%3D&position=6&pageNum=0&trk=public_jobs_jserp-result_search-card'
Title,Company,Location,Apply
b'Software Engineer (CompletableFuture)',b'Apple',"b'San Diego, CA'",b'https://www.linkedin.com/jobs/view/software-engineer-completablefuture-at-apple-3319029491?refId=1DWSmMivhWVUNbcBfHpmlg%3D%3D&trackingId=h7bg4vNj%2Bp3YjrMWISBJlw%3D%3D&position=7&pageNum=0&trk=public_jobs_jserp-result_search-card'
Title,Company,Location,Apply
b'Software Engineer',b'Apple',"b'Cupertino, CA'",b'https://www.linkedin.com/jobs/view/software-engineer-at-apple-3358662571?refId=1DWSmMivhWVUNbcBfHpmlg%3D%3D&trackingId=fLtCslvdCAOJ4cz352B5vQ%3D%3D&position=8&pageNum=0&trk=public_jobs_jserp-result_search-card'
Title,Company,Location,Apply
b'Software Engineer',b'Apple',"b'Cupertino, CA'",b'https://www.linkedin.com/jobs/view/software-engineer-at-apple-3379811806?refId=1DWSmMivhWVUNbcBfHpmlg%3D%3D&trackingId=TONKAIPr%2Bs4KfXib50vq2Q%3D%3D&position=9&pageNum=0&trk=public_jobs_jserp-result_search-card'
Title,Company,Location,Apply
b'Frontend Software Engineer',b'Apple',"b'Cupertino, CA'",b'https://www.linkedin.com/jobs/view/frontend-software-engineer-at-apple-3358664388?refId=1DWSmMivhWVUNbcBfHpmlg%3D%3D&trackingId=9CaxUSE4bnML3HADAUXsyg%3D%3D&position=10&pageNum=0&trk=public_jobs_jserp-result_search-card'
Title,Company,Location,Apply
b'Software Engineer I',b'The Walt Disney Company',"b'Glendale, CA'",b'https://www.linkedin.com/jobs/view/software-engineer-i-at-the-walt-disney-company-3272926949?refId=1DWSmMivhWVUNbcBfHpmlg%3D%3D&trackingId=PfSEIC6wAeDZ4KySeto%2BPg%3D%3D&position=11&pageNum=0&trk=public_jobs_jserp-result_search-card'
Title,Company,Location,Apply
"b'Software Engineer, Early Career (2023)'",b'Figma',"b'San Francisco, CA'",b'https://www.linkedin.com/jobs/view/software-engineer-early-career-2023-at-figma-3223534011?refId=1DWSmMivhWVUNbcBfHpmlg%3D%3D&trackingId=cW%2BRbMMKo%2FdSHvtH7QVl3Q%3D%3D&position=12&pageNum=0&trk=public_jobs_jserp-result_search-card'
Title,Company,Location,Apply
"b'Software Engineer, Full Stack (New Grad)'",b'Forward',"b'San Francisco, CA'",b'https://www.linkedin.com/jobs/view/software-engineer-full-stack-new-grad-at-forward-3304853223?refId=1DWSmMivhWVUNbcBfHpmlg%3D%3D&trackingId=8BZiAEhzM%2BHJGyUpuBfr9w%3D%3D&position=13&pageNum=0&trk=public_jobs_jserp-result_search-card'
Title,Company,Location,Apply
b'Software Development Engineer',b'Apple',"b'Cupertino, CA'",b'https://www.linkedin.com/jobs/view/software-development-engineer-at-apple-3381816908?refId=1DWSmMivhWVUNbcBfHpmlg%3D%3D&trackingId=crwwtB8A%2FqE%2FD8v8EMb0QQ%3D%3D&position=14&pageNum=0&trk=public_jobs_jserp-result_search-card'
Title,Company,Location,Apply
"b'Software Engineer, New Grad (2023)'",b'Sentry (sentry.io)',"b'San Francisco, CA'",b'https://www.linkedin.com/jobs/view/software-engineer-new-grad-2023-at-sentry-sentry-io-3266762965?refId=1DWSmMivhWVUNbcBfHpmlg%3D%3D&trackingId=E91rCjVo5Bs3YE2HlDi9aA%3D%3D&position=15&pageNum=0&trk=public_jobs_jserp-result_search-card'
Title,Company,Location,Apply
"b'Software Engineer, Backend - University Graduate 2023'",b'Verkada',"b'San Mateo, CA'",b'https://www.linkedin.com/jobs/view/software-engineer-backend-university-graduate-2023-at-verkada-3194061957?refId=1DWSmMivhWVUNbcBfHpmlg%3D%3D&trackingId=x41bflJafXpTpFbjFsetkw%3D%3D&position=16&pageNum=0&trk=public_jobs_jserp-result_search-card'
Title,Company,Location,Apply
b'Software Engineer (Future Opportunities)',b'Twitter',"b'San Jose, CA'",b'https://www.linkedin.com/jobs/view/software-engineer-future-opportunities-at-twitter-3383558883?refId=1DWSmMivhWVUNbcBfHpmlg%3D%3D&trackingId=jkNGyUk35sC%2B4zcT9vcrcQ%3D%3D&position=17&pageNum=0&trk=public_jobs_jserp-result_search-card'
Title,Company,Location,Apply
b'Software Engineer',b'Tesla',"b'Fremont, CA'",b'https://www.linkedin.com/jobs/view/software-engineer-at-tesla-3213260252?refId=1DWSmMivhWVUNbcBfHpmlg%3D%3D&trackingId=ql2bf%2Bd9wL8MYq1NqWvLJg%3D%3D&position=18&pageNum=0&trk=public_jobs_jserp-result_search-card'
Title,Company,Location,Apply
b'Software Development Engineer',b'Apple',"b'Cupertino, CA'",b'https://www.linkedin.com/jobs/view/software-development-engineer-at-apple-3313828881?refId=1DWSmMivhWVUNbcBfHpmlg%3D%3D&trackingId=nfaCPwJSlV3eW%2FrVbU83cQ%3D%3D&position=19&pageNum=0&trk=public_jobs_jserp-result_search-card'
Title,Company,Location,Apply
b'Software QA Engineer',b'Apple',"b'Culver City, CA'",b'https://www.linkedin.com/jobs/view/software-qa-engineer-at-apple-3322038726?refId=1DWSmMivhWVUNbcBfHpmlg%3D%3D&trackingId=B17BhEngY680W3AEX7qqlg%3D%3D&position=20&pageNum=0&trk=public_jobs_jserp-result_search-card'
Title,Company,Location,Apply
"b'Software Engineer, Entry-Level'",b'Laserfiche',"b'Long Beach, CA'",b'https://www.linkedin.com/jobs/view/software-engineer-entry-level-at-laserfiche-2805425258?refId=1DWSmMivhWVUNbcBfHpmlg%3D%3D&trackingId=gj5SCCe5KRw%2B6%2FM8KYA9FQ%3D%3D&position=21&pageNum=0&trk=public_jobs_jserp-result_search-card'
Title,Company,Location,Apply
b'Software Development Engineer',b'Apple',"b'Cupertino, CA'",b'https://www.linkedin.com/jobs/view/software-development-engineer-at-apple-3381362933?refId=1DWSmMivhWVUNbcBfHpmlg%3D%3D&trackingId=Ng1NRZegq51c%2FAcQsqIIxw%3D%3D&position=22&pageNum=0&trk=public_jobs_jserp-result_search-card'
Title,Company,Location,Apply
b'Software Engineer - Full Stack',b'Nextdoor',"b'California, United States'",b'https://www.linkedin.com/jobs/view/software-engineer-full-stack-at-nextdoor-2617202349?refId=1DWSmMivhWVUNbcBfHpmlg%3D%3D&trackingId=Disqxl10nW2dEYrzLPaKmw%3D%3D&position=23&pageNum=0&trk=public_jobs_jserp-result_search-card'
Title,Company,Location,Apply
b'Software Engineer',b'Vontive',"b'San Francisco, CA'",b'https://www.linkedin.com/jobs/view/software-engineer-at-vontive-3385785431?refId=1DWSmMivhWVUNbcBfHpmlg%3D%3D&trackingId=53TppR7I99rCAPOtgY%2BARQ%3D%3D&position=24&pageNum=0&trk=public_jobs_jserp-result_search-card'
Title,Company,Location,Apply
b'Software Development Engineer',b'Apple',"b'Cupertino, CA'",b'https://www.linkedin.com/jobs/view/software-development-engineer-at-apple-3245717548?refId=1DWSmMivhWVUNbcBfHpmlg%3D%3D&trackingId=TPyVcnXF%2FImofTFiBj74tA%3D%3D&position=25&pageNum=0&trk=public_jobs_jserp-result_search-card'
